"OBJECTID","ID_0","ISO","NAME_0","ID_1","NAME_1","ID_2","NAME_2","ID_3","NAME_3","CCN_3","CCA_3","TYPE_3","ENGTYPE_3","NL_NAME_3","VARNAME_3"
1,215,"ESP","Spain",1,"Andalucía",1,"Almería",1,"n.a. (15)",NA,"","Comarca","Comarca","",""
2,215,"ESP","Spain",1,"Andalucía",1,"Almería",2,"n.a. (16)",NA,"","Comarca","Comarca","",""
3,215,"ESP","Spain",1,"Andalucía",1,"Almería",3,"n.a. (17)",NA,"","Comarca","Comarca","",""
4,215,"ESP","Spain",1,"Andalucía",1,"Almería",4,"n.a. (18)",NA,"","Comarca","Comarca","",""
5,215,"ESP","Spain",1,"Andalucía",1,"Almería",5,"n.a. (19)",NA,"","Comarca","Comarca","",""
6,215,"ESP","Spain",1,"Andalucía",1,"Almería",6,"n.a. (20)",NA,"","Comarca","Comarca","",""
7,215,"ESP","Spain",1,"Andalucía",1,"Almería",7,"n.a. (21)",NA,"","Comarca","Comarca","",""
8,215,"ESP","Spain",1,"Andalucía",1,"Almería",8,"n.a. (22)",NA,"","Comarca","Comarca","",""
9,215,"ESP","Spain",1,"Andalucía",2,"Cádiz",9,"Bahía de Cádiz",NA,"","Comarca","Comarca","",""
10,215,"ESP","Spain",1,"Andalucía",2,"Cádiz",10,"Campiña de Jerez",NA,"","Comarca","Comarca","",""
11,215,"ESP","Spain",1,"Andalucía",2,"Cádiz",11,"Campo de Gibraltar",NA,"","Comarca","Comarca","",""
12,215,"ESP","Spain",1,"Andalucía",2,"Cádiz",12,"Costa Noroeste",NA,"","Comarca","Comarca","",""
13,215,"ESP","Spain",1,"Andalucía",2,"Cádiz",13,"La Janda",NA,"","Comarca","Comarca","",""
14,215,"ESP","Spain",1,"Andalucía",2,"Cádiz",14,"Sierra de Cádiz",NA,"","Comarca","Comarca","",""
15,215,"ESP","Spain",1,"Andalucía",3,"Córdoba",15,"Campiña Sur",NA,"","Comarca","Comarca","",""
16,215,"ESP","Spain",1,"Andalucía",3,"Córdoba",16,"n.a. (86)",NA,"","Comarca","Comarca","",""
17,215,"ESP","Spain",1,"Andalucía",3,"Córdoba",17,"n.a. (87)",NA,"","Comarca","Comarca","",""
18,215,"ESP","Spain",1,"Andalucía",3,"Córdoba",18,"n.a. (88)",NA,"","Comarca","Comarca","",""
19,215,"ESP","Spain",1,"Andalucía",3,"Córdoba",19,"n.a. (89)",NA,"","Comarca","Comarca","",""
20,215,"ESP","Spain",1,"Andalucía",3,"Córdoba",20,"n.a. (90)",NA,"","Comarca","Comarca","",""
21,215,"ESP","Spain",1,"Andalucía",3,"Córdoba",21,"n.a. (91)",NA,"","Comarca","Comarca","",""
22,215,"ESP","Spain",1,"Andalucía",3,"Córdoba",22,"n.a. (92)",NA,"","Comarca","Comarca","",""
23,215,"ESP","Spain",1,"Andalucía",4,"Granada",23,"n.a. (109)",NA,"","Comarca","Comarca","",""
24,215,"ESP","Spain",1,"Andalucía",4,"Granada",24,"n.a. (110)",NA,"","Comarca","Comarca","",""
25,215,"ESP","Spain",1,"Andalucía",4,"Granada",25,"n.a. (111)",NA,"","Comarca","Comarca","",""
26,215,"ESP","Spain",1,"Andalucía",4,"Granada",26,"n.a. (112)",NA,"","Comarca","Comarca","",""
27,215,"ESP","Spain",1,"Andalucía",4,"Granada",27,"n.a. (113)",NA,"","Comarca","Comarca","",""
28,215,"ESP","Spain",1,"Andalucía",4,"Granada",28,"n.a. (114)",NA,"","Comarca","Comarca","",""
29,215,"ESP","Spain",1,"Andalucía",4,"Granada",29,"n.a. (115)",NA,"","Comarca","Comarca","",""
30,215,"ESP","Spain",1,"Andalucía",4,"Granada",30,"n.a. (116)",NA,"","Comarca","Comarca","",""
31,215,"ESP","Spain",1,"Andalucía",4,"Granada",31,"n.a. (117)",NA,"","Comarca","Comarca","",""
32,215,"ESP","Spain",1,"Andalucía",4,"Granada",32,"n.a. (118)",NA,"","Comarca","Comarca","",""
33,215,"ESP","Spain",1,"Andalucía",5,"Huelva",33,"n.a. (133)",NA,"","Comarca","Comarca","",""
34,215,"ESP","Spain",1,"Andalucía",5,"Huelva",34,"n.a. (134)",NA,"","Comarca","Comarca","",""
35,215,"ESP","Spain",1,"Andalucía",5,"Huelva",35,"n.a. (135)",NA,"","Comarca","Comarca","",""
36,215,"ESP","Spain",1,"Andalucía",5,"Huelva",36,"n.a. (136)",NA,"","Comarca","Comarca","",""
37,215,"ESP","Spain",1,"Andalucía",5,"Huelva",37,"n.a. (137)",NA,"","Comarca","Comarca","",""
38,215,"ESP","Spain",1,"Andalucía",5,"Huelva",38,"n.a. (138)",NA,"","Comarca","Comarca","",""
39,215,"ESP","Spain",1,"Andalucía",6,"Jaén",39,"Área metropolitana de Jaén",NA,"","Comarca","Comarca","",""
40,215,"ESP","Spain",1,"Andalucía",6,"Jaén",40,"Alto Guadalquivir",NA,"","Comarca","Comarca","",""
41,215,"ESP","Spain",1,"Andalucía",6,"Jaén",41,"Campiña",NA,"","Comarca","Comarca","",""
42,215,"ESP","Spain",1,"Andalucía",6,"Jaén",42,"El Condado",NA,"","Comarca","Comarca","",""
43,215,"ESP","Spain",1,"Andalucía",6,"Jaén",43,"Lalomay Lasvillas",NA,"","Comarca","Comarca","",""
44,215,"ESP","Spain",1,"Andalucía",6,"Jaén",44,"Sierra De Segura",NA,"","Comarca","Comarca","",""
45,215,"ESP","Spain",1,"Andalucía",6,"Jaén",45,"Sierra Magina",NA,"","Comarca","Comarca","",""
46,215,"ESP","Spain",1,"Andalucía",6,"Jaén",46,"Sierra Norte",NA,"","Comarca","Comarca","",""
47,215,"ESP","Spain",1,"Andalucía",6,"Jaén",47,"Sierra Sur",NA,"","Comarca","Comarca","",""
48,215,"ESP","Spain",1,"Andalucía",7,"Málaga",48,"n.a. (181)",NA,"","Comarca","Comarca","",""
49,215,"ESP","Spain",1,"Andalucía",7,"Málaga",49,"n.a. (182)",NA,"","Comarca","Comarca","",""
50,215,"ESP","Spain",1,"Andalucía",7,"Málaga",50,"n.a. (183)",NA,"","Comarca","Comarca","",""
51,215,"ESP","Spain",1,"Andalucía",7,"Málaga",51,"n.a. (184)",NA,"","Comarca","Comarca","",""
52,215,"ESP","Spain",1,"Andalucía",8,"Sevilla",52,"n.a. (226)",NA,"","Comarca","Comarca","",""
53,215,"ESP","Spain",1,"Andalucía",8,"Sevilla",53,"n.a. (227)",NA,"","Comarca","Comarca","",""
54,215,"ESP","Spain",1,"Andalucía",8,"Sevilla",54,"n.a. (228)",NA,"","Comarca","Comarca","",""
55,215,"ESP","Spain",1,"Andalucía",8,"Sevilla",55,"n.a. (229)",NA,"","Comarca","Comarca","",""
56,215,"ESP","Spain",1,"Andalucía",8,"Sevilla",56,"n.a. (230)",NA,"","Comarca","Comarca","",""
57,215,"ESP","Spain",1,"Andalucía",8,"Sevilla",57,"n.a. (231)",NA,"","Comarca","Comarca","",""
58,215,"ESP","Spain",1,"Andalucía",8,"Sevilla",58,"n.a. (232)",NA,"","Comarca","Comarca","",""
59,215,"ESP","Spain",2,"Aragón",9,"Huesca",59,"n.a. (125)",NA,"","Comarca","Comarca","",""
60,215,"ESP","Spain",2,"Aragón",9,"Huesca",60,"n.a. (126)",NA,"","Comarca","Comarca","",""
61,215,"ESP","Spain",2,"Aragón",9,"Huesca",61,"n.a. (127)",NA,"","Comarca","Comarca","",""
62,215,"ESP","Spain",2,"Aragón",9,"Huesca",62,"n.a. (128)",NA,"","Comarca","Comarca","",""
63,215,"ESP","Spain",2,"Aragón",9,"Huesca",63,"n.a. (129)",NA,"","Comarca","Comarca","",""
64,215,"ESP","Spain",2,"Aragón",9,"Huesca",64,"n.a. (130)",NA,"","Comarca","Comarca","",""
65,215,"ESP","Spain",2,"Aragón",9,"Huesca",65,"n.a. (131)",NA,"","Comarca","Comarca","",""
66,215,"ESP","Spain",2,"Aragón",9,"Huesca",66,"n.a. (132)",NA,"","Comarca","Comarca","",""
67,215,"ESP","Spain",2,"Aragón",10,"Teruel",67,"n.a. (248)",NA,"","Comarca","Comarca","",""
68,215,"ESP","Spain",2,"Aragón",10,"Teruel",68,"n.a. (249)",NA,"","Comarca","Comarca","",""
69,215,"ESP","Spain",2,"Aragón",10,"Teruel",69,"n.a. (250)",NA,"","Comarca","Comarca","",""
70,215,"ESP","Spain",2,"Aragón",10,"Teruel",70,"n.a. (251)",NA,"","Comarca","Comarca","",""
71,215,"ESP","Spain",2,"Aragón",10,"Teruel",71,"n.a. (252)",NA,"","Comarca","Comarca","",""
72,215,"ESP","Spain",2,"Aragón",10,"Teruel",72,"n.a. (253)",NA,"","Comarca","Comarca","",""
73,215,"ESP","Spain",2,"Aragón",11,"Zaragoza",73,"n.a. (274)",NA,"","Comarca","Comarca","",""
74,215,"ESP","Spain",2,"Aragón",11,"Zaragoza",74,"n.a. (275)",NA,"","Comarca","Comarca","",""
75,215,"ESP","Spain",2,"Aragón",11,"Zaragoza",75,"n.a. (276)",NA,"","Comarca","Comarca","",""
76,215,"ESP","Spain",2,"Aragón",11,"Zaragoza",76,"n.a. (277)",NA,"","Comarca","Comarca","",""
77,215,"ESP","Spain",2,"Aragón",11,"Zaragoza",77,"n.a. (278)",NA,"","Comarca","Comarca","",""
78,215,"ESP","Spain",2,"Aragón",11,"Zaragoza",78,"n.a. (279)",NA,"","Comarca","Comarca","",""
79,215,"ESP","Spain",2,"Aragón",11,"Zaragoza",79,"n.a. (280)",NA,"","Comarca","Comarca","",""
80,215,"ESP","Spain",2,"Aragón",11,"Zaragoza",80,"n.a. (281)",NA,"","Comarca","Comarca","",""
81,215,"ESP","Spain",3,"Cantabria",12,"Cantabria",81,"Asón-Agüera",NA,"","Comarca","Comarca","",""
82,215,"ESP","Spain",3,"Cantabria",12,"Cantabria",82,"Besaya",NA,"","Comarca","Comarca","",""
83,215,"ESP","Spain",3,"Cantabria",12,"Cantabria",83,"Campoo-Los Valles",NA,"","Comarca","Comarca","",""
84,215,"ESP","Spain",3,"Cantabria",12,"Cantabria",84,"Comarca de Santander",NA,"","Comarca","Comarca","",""
85,215,"ESP","Spain",3,"Cantabria",12,"Cantabria",85,"Costa Occidental",NA,"","Comarca","Comarca","",""
86,215,"ESP","Spain",3,"Cantabria",12,"Cantabria",86,"Costa Oriental",NA,"","Comarca","Comarca","",""
87,215,"ESP","Spain",3,"Cantabria",12,"Cantabria",87,"Liébana",NA,"","Comarca","Comarca","",""
88,215,"ESP","Spain",3,"Cantabria",12,"Cantabria",88,"n.a. (196)",NA,"","Comarca","Comarca","",""
89,215,"ESP","Spain",3,"Cantabria",12,"Cantabria",89,"n.a. (222)",NA,"","Comarca","Comarca","",""
90,215,"ESP","Spain",3,"Cantabria",12,"Cantabria",90,"Pas-Miera",NA,"","Comarca","Comarca","",""
91,215,"ESP","Spain",3,"Cantabria",12,"Cantabria",91,"Trasmiera",NA,"","Comarca","Comarca","",""
92,215,"ESP","Spain",4,"Castilla-La Mancha",13,"Albacete",92,"n.a. (10)",NA,"","Comarca","Comarca","",""
93,215,"ESP","Spain",4,"Castilla-La Mancha",13,"Albacete",93,"n.a. (11)",NA,"","Comarca","Comarca","",""
94,215,"ESP","Spain",4,"Castilla-La Mancha",13,"Albacete",94,"n.a. (12)",NA,"","Comarca","Comarca","",""
95,215,"ESP","Spain",4,"Castilla-La Mancha",13,"Albacete",95,"n.a. (13)",NA,"","Comarca","Comarca","",""
96,215,"ESP","Spain",4,"Castilla-La Mancha",13,"Albacete",96,"n.a. (14)",NA,"","Comarca","Comarca","",""
97,215,"ESP","Spain",4,"Castilla-La Mancha",13,"Albacete",97,"n.a. (8)",NA,"","Comarca","Comarca","",""
98,215,"ESP","Spain",4,"Castilla-La Mancha",13,"Albacete",98,"n.a. (9)",NA,"","Comarca","Comarca","",""
99,215,"ESP","Spain",4,"Castilla-La Mancha",14,"Ciudad Real",99,"n.a. (79)",NA,"","Comarca","Comarca","",""
100,215,"ESP","Spain",4,"Castilla-La Mancha",14,"Ciudad Real",100,"n.a. (80)",NA,"","Comarca","Comarca","",""
101,215,"ESP","Spain",4,"Castilla-La Mancha",14,"Ciudad Real",101,"n.a. (81)",NA,"","Comarca","Comarca","",""
102,215,"ESP","Spain",4,"Castilla-La Mancha",14,"Ciudad Real",102,"n.a. (82)",NA,"","Comarca","Comarca","",""
103,215,"ESP","Spain",4,"Castilla-La Mancha",14,"Ciudad Real",103,"n.a. (83)",NA,"","Comarca","Comarca","",""
104,215,"ESP","Spain",4,"Castilla-La Mancha",14,"Ciudad Real",104,"n.a. (84)",NA,"","Comarca","Comarca","",""
105,215,"ESP","Spain",4,"Castilla-La Mancha",14,"Ciudad Real",105,"n.a. (85)",NA,"","Comarca","Comarca","",""
106,215,"ESP","Spain",4,"Castilla-La Mancha",15,"Cuenca",106,"n.a. (93)",NA,"","Comarca","Comarca","",""
107,215,"ESP","Spain",4,"Castilla-La Mancha",15,"Cuenca",107,"n.a. (94)",NA,"","Comarca","Comarca","",""
108,215,"ESP","Spain",4,"Castilla-La Mancha",15,"Cuenca",108,"n.a. (95)",NA,"","Comarca","Comarca","",""
109,215,"ESP","Spain",4,"Castilla-La Mancha",15,"Cuenca",109,"n.a. (96)",NA,"","Comarca","Comarca","",""
110,215,"ESP","Spain",4,"Castilla-La Mancha",15,"Cuenca",110,"n.a. (97)",NA,"","Comarca","Comarca","",""
111,215,"ESP","Spain",4,"Castilla-La Mancha",15,"Cuenca",111,"n.a. (98)",NA,"","Comarca","Comarca","",""
112,215,"ESP","Spain",4,"Castilla-La Mancha",15,"Cuenca",112,"n.a. (99)",NA,"","Comarca","Comarca","",""
113,215,"ESP","Spain",4,"Castilla-La Mancha",16,"Guadalajara",113,"n.a. (119)",NA,"","Comarca","Comarca","",""
114,215,"ESP","Spain",4,"Castilla-La Mancha",16,"Guadalajara",114,"n.a. (120)",NA,"","Comarca","Comarca","",""
115,215,"ESP","Spain",4,"Castilla-La Mancha",16,"Guadalajara",115,"n.a. (121)",NA,"","Comarca","Comarca","",""
116,215,"ESP","Spain",4,"Castilla-La Mancha",16,"Guadalajara",116,"n.a. (122)",NA,"","Comarca","Comarca","",""
117,215,"ESP","Spain",4,"Castilla-La Mancha",16,"Guadalajara",117,"n.a. (123)",NA,"","Comarca","Comarca","",""
118,215,"ESP","Spain",4,"Castilla-La Mancha",16,"Guadalajara",118,"n.a. (176)",NA,"","Comarca","Comarca","",""
119,215,"ESP","Spain",4,"Castilla-La Mancha",17,"Toledo",119,"n.a. (254)",NA,"","Comarca","Comarca","",""
120,215,"ESP","Spain",4,"Castilla-La Mancha",17,"Toledo",120,"n.a. (255)",NA,"","Comarca","Comarca","",""
121,215,"ESP","Spain",4,"Castilla-La Mancha",17,"Toledo",121,"n.a. (256)",NA,"","Comarca","Comarca","",""
122,215,"ESP","Spain",4,"Castilla-La Mancha",17,"Toledo",122,"n.a. (257)",NA,"","Comarca","Comarca","",""
123,215,"ESP","Spain",4,"Castilla-La Mancha",17,"Toledo",123,"n.a. (258)",NA,"","Comarca","Comarca","",""
124,215,"ESP","Spain",4,"Castilla-La Mancha",17,"Toledo",124,"n.a. (259)",NA,"","Comarca","Comarca","",""
125,215,"ESP","Spain",4,"Castilla-La Mancha",17,"Toledo",125,"n.a. (260)",NA,"","Comarca","Comarca","",""
126,215,"ESP","Spain",5,"Castilla y León",18,"Ávila",126,"n.a. (23)",NA,"","Comarca","Comarca","",""
127,215,"ESP","Spain",5,"Castilla y León",18,"Ávila",127,"n.a. (24)",NA,"","Comarca","Comarca","",""
128,215,"ESP","Spain",5,"Castilla y León",18,"Ávila",128,"n.a. (25)",NA,"","Comarca","Comarca","",""
129,215,"ESP","Spain",5,"Castilla y León",18,"Ávila",129,"n.a. (26)",NA,"","Comarca","Comarca","",""
130,215,"ESP","Spain",5,"Castilla y León",18,"Ávila",130,"n.a. (27)",NA,"","Comarca","Comarca","",""
131,215,"ESP","Spain",5,"Castilla y León",18,"Ávila",131,"n.a. (28)",NA,"","Comarca","Comarca","",""
132,215,"ESP","Spain",5,"Castilla y León",19,"Burgos",132,"n.a. (202)",NA,"","Comarca","Comarca","",""
133,215,"ESP","Spain",5,"Castilla y León",19,"Burgos",133,"n.a. (60)",NA,"","Comarca","Comarca","",""
134,215,"ESP","Spain",5,"Castilla y León",19,"Burgos",134,"n.a. (61)",NA,"","Comarca","Comarca","",""
135,215,"ESP","Spain",5,"Castilla y León",19,"Burgos",135,"n.a. (62)",NA,"","Comarca","Comarca","",""
136,215,"ESP","Spain",5,"Castilla y León",19,"Burgos",136,"n.a. (63)",NA,"","Comarca","Comarca","",""
137,215,"ESP","Spain",5,"Castilla y León",19,"Burgos",137,"n.a. (64)",NA,"","Comarca","Comarca","",""
138,215,"ESP","Spain",5,"Castilla y León",19,"Burgos",138,"n.a. (65)",NA,"","Comarca","Comarca","",""
139,215,"ESP","Spain",5,"Castilla y León",19,"Burgos",139,"n.a. (66)",NA,"","Comarca","Comarca","",""
140,215,"ESP","Spain",5,"Castilla y León",19,"Burgos",140,"n.a. (67)",NA,"","Comarca","Comarca","",""
141,215,"ESP","Spain",5,"Castilla y León",19,"Burgos",141,"n.a. (68)",NA,"","Comarca","Comarca","",""
142,215,"ESP","Spain",5,"Castilla y León",20,"León",142,"n.a. (148)",NA,"","Comarca","Comarca","",""
143,215,"ESP","Spain",5,"Castilla y León",20,"León",143,"n.a. (149)",NA,"","Comarca","Comarca","",""
144,215,"ESP","Spain",5,"Castilla y León",20,"León",144,"n.a. (150)",NA,"","Comarca","Comarca","",""
145,215,"ESP","Spain",5,"Castilla y León",20,"León",145,"n.a. (151)",NA,"","Comarca","Comarca","",""
146,215,"ESP","Spain",5,"Castilla y León",20,"León",146,"n.a. (152)",NA,"","Comarca","Comarca","",""
147,215,"ESP","Spain",5,"Castilla y León",20,"León",147,"n.a. (153)",NA,"","Comarca","Comarca","",""
148,215,"ESP","Spain",5,"Castilla y León",20,"León",148,"n.a. (154)",NA,"","Comarca","Comarca","",""
149,215,"ESP","Spain",5,"Castilla y León",20,"León",149,"n.a. (155)",NA,"","Comarca","Comarca","",""
150,215,"ESP","Spain",5,"Castilla y León",20,"León",150,"n.a. (156)",NA,"","Comarca","Comarca","",""
151,215,"ESP","Spain",5,"Castilla y León",20,"León",151,"n.a. (157)",NA,"","Comarca","Comarca","",""
152,215,"ESP","Spain",5,"Castilla y León",20,"León",152,"n.a. (158)",NA,"","Comarca","Comarca","",""
153,215,"ESP","Spain",5,"Castilla y León",21,"Palencia",153,"n.a. (200)",NA,"","Comarca","Comarca","",""
154,215,"ESP","Spain",5,"Castilla y León",21,"Palencia",154,"n.a. (201)",NA,"","Comarca","Comarca","",""
155,215,"ESP","Spain",5,"Castilla y León",21,"Palencia",155,"n.a. (202)",NA,"","Comarca","Comarca","",""
156,215,"ESP","Spain",5,"Castilla y León",21,"Palencia",156,"n.a. (203)",NA,"","Comarca","Comarca","",""
157,215,"ESP","Spain",5,"Castilla y León",21,"Palencia",157,"n.a. (204)",NA,"","Comarca","Comarca","",""
158,215,"ESP","Spain",5,"Castilla y León",21,"Palencia",158,"n.a. (205)",NA,"","Comarca","Comarca","",""
159,215,"ESP","Spain",5,"Castilla y León",21,"Palencia",159,"n.a. (206)",NA,"","Comarca","Comarca","",""
160,215,"ESP","Spain",5,"Castilla y León",22,"Salamanca",160,"n.a. (212)",NA,"","Comarca","Comarca","",""
161,215,"ESP","Spain",5,"Castilla y León",22,"Salamanca",161,"n.a. (213)",NA,"","Comarca","Comarca","",""
162,215,"ESP","Spain",5,"Castilla y León",22,"Salamanca",162,"n.a. (214)",NA,"","Comarca","Comarca","",""
163,215,"ESP","Spain",5,"Castilla y León",22,"Salamanca",163,"n.a. (215)",NA,"","Comarca","Comarca","",""
164,215,"ESP","Spain",5,"Castilla y León",22,"Salamanca",164,"n.a. (216)",NA,"","Comarca","Comarca","",""
165,215,"ESP","Spain",5,"Castilla y León",22,"Salamanca",165,"n.a. (217)",NA,"","Comarca","Comarca","",""
166,215,"ESP","Spain",5,"Castilla y León",22,"Salamanca",166,"n.a. (218)",NA,"","Comarca","Comarca","",""
167,215,"ESP","Spain",5,"Castilla y León",22,"Salamanca",167,"n.a. (219)",NA,"","Comarca","Comarca","",""
168,215,"ESP","Spain",5,"Castilla y León",22,"Salamanca",168,"n.a. (220)",NA,"","Comarca","Comarca","",""
169,215,"ESP","Spain",5,"Castilla y León",23,"Segovia",169,"n.a. (223)",NA,"","Comarca","Comarca","",""
170,215,"ESP","Spain",5,"Castilla y León",23,"Segovia",170,"n.a. (224)",NA,"","Comarca","Comarca","",""
171,215,"ESP","Spain",5,"Castilla y León",23,"Segovia",171,"n.a. (225)",NA,"","Comarca","Comarca","",""
172,215,"ESP","Spain",5,"Castilla y León",24,"Soria",172,"n.a. (233)",NA,"","Comarca","Comarca","",""
173,215,"ESP","Spain",5,"Castilla y León",24,"Soria",173,"n.a. (234)",NA,"","Comarca","Comarca","",""
174,215,"ESP","Spain",5,"Castilla y León",24,"Soria",174,"n.a. (235)",NA,"","Comarca","Comarca","",""
175,215,"ESP","Spain",5,"Castilla y León",24,"Soria",175,"n.a. (236)",NA,"","Comarca","Comarca","",""
176,215,"ESP","Spain",5,"Castilla y León",24,"Soria",176,"n.a. (237)",NA,"","Comarca","Comarca","",""
177,215,"ESP","Spain",5,"Castilla y León",24,"Soria",177,"n.a. (238)",NA,"","Comarca","Comarca","",""
178,215,"ESP","Spain",5,"Castilla y León",24,"Soria",178,"n.a. (239)",NA,"","Comarca","Comarca","",""
179,215,"ESP","Spain",5,"Castilla y León",24,"Soria",179,"n.a. (65)",NA,"","Comarca","Comarca","",""
180,215,"ESP","Spain",5,"Castilla y León",25,"Valladolid",180,"n.a. (263)",NA,"","Comarca","Comarca","",""
181,215,"ESP","Spain",5,"Castilla y León",25,"Valladolid",181,"n.a. (264)",NA,"","Comarca","Comarca","",""
182,215,"ESP","Spain",5,"Castilla y León",25,"Valladolid",182,"n.a. (265)",NA,"","Comarca","Comarca","",""
183,215,"ESP","Spain",5,"Castilla y León",25,"Valladolid",183,"n.a. (266)",NA,"","Comarca","Comarca","",""
184,215,"ESP","Spain",5,"Castilla y León",25,"Valladolid",184,"n.a. (267)",NA,"","Comarca","Comarca","",""
185,215,"ESP","Spain",5,"Castilla y León",26,"Zamora",185,"n.a. (268)",NA,"","Comarca","Comarca","",""
186,215,"ESP","Spain",5,"Castilla y León",26,"Zamora",186,"n.a. (269)",NA,"","Comarca","Comarca","",""
187,215,"ESP","Spain",5,"Castilla y León",26,"Zamora",187,"n.a. (270)",NA,"","Comarca","Comarca","",""
188,215,"ESP","Spain",5,"Castilla y León",26,"Zamora",188,"n.a. (271)",NA,"","Comarca","Comarca","",""
189,215,"ESP","Spain",5,"Castilla y León",26,"Zamora",189,"n.a. (272)",NA,"","Comarca","Comarca","",""
190,215,"ESP","Spain",5,"Castilla y León",26,"Zamora",190,"n.a. (273)",NA,"","Comarca","Comarca","",""
191,215,"ESP","Spain",6,"Cataluña",27,"Barcelona",191,"n.a. (162)",NA,"","Comarca","Comarca","",""
192,215,"ESP","Spain",6,"Cataluña",27,"Barcelona",192,"n.a. (164)",NA,"","Comarca","Comarca","",""
193,215,"ESP","Spain",6,"Cataluña",27,"Barcelona",193,"n.a. (29)",NA,"","Comarca","Comarca","",""
194,215,"ESP","Spain",6,"Cataluña",27,"Barcelona",194,"n.a. (30)",NA,"","Comarca","Comarca","",""
195,215,"ESP","Spain",6,"Cataluña",27,"Barcelona",195,"n.a. (31)",NA,"","Comarca","Comarca","",""
196,215,"ESP","Spain",6,"Cataluña",27,"Barcelona",196,"n.a. (32)",NA,"","Comarca","Comarca","",""
197,215,"ESP","Spain",6,"Cataluña",27,"Barcelona",197,"n.a. (33)",NA,"","Comarca","Comarca","",""
198,215,"ESP","Spain",6,"Cataluña",27,"Barcelona",198,"n.a. (34)",NA,"","Comarca","Comarca","",""
199,215,"ESP","Spain",6,"Cataluña",27,"Barcelona",199,"n.a. (35)",NA,"","Comarca","Comarca","",""
200,215,"ESP","Spain",6,"Cataluña",27,"Barcelona",200,"n.a. (36)",NA,"","Comarca","Comarca","",""
201,215,"ESP","Spain",6,"Cataluña",27,"Barcelona",201,"n.a. (37)",NA,"","Comarca","Comarca","",""
202,215,"ESP","Spain",6,"Cataluña",27,"Barcelona",202,"n.a. (38)",NA,"","Comarca","Comarca","",""
203,215,"ESP","Spain",6,"Cataluña",28,"Girona",203,"n.a. (101)",NA,"","Comarca","Comarca","",""
204,215,"ESP","Spain",6,"Cataluña",28,"Girona",204,"n.a. (102)",NA,"","Comarca","Comarca","",""
205,215,"ESP","Spain",6,"Cataluña",28,"Girona",205,"n.a. (103)",NA,"","Comarca","Comarca","",""
206,215,"ESP","Spain",6,"Cataluña",28,"Girona",206,"n.a. (104)",NA,"","Comarca","Comarca","",""
207,215,"ESP","Spain",6,"Cataluña",28,"Girona",207,"n.a. (105)",NA,"","Comarca","Comarca","",""
208,215,"ESP","Spain",6,"Cataluña",28,"Girona",208,"n.a. (106)",NA,"","Comarca","Comarca","",""
209,215,"ESP","Spain",6,"Cataluña",28,"Girona",209,"n.a. (107)",NA,"","Comarca","Comarca","",""
210,215,"ESP","Spain",6,"Cataluña",28,"Girona",210,"n.a. (34)",NA,"","Comarca","Comarca","",""
211,215,"ESP","Spain",6,"Cataluña",29,"Lleida",211,"n.a. (159)",NA,"","Comarca","Comarca","",""
212,215,"ESP","Spain",6,"Cataluña",29,"Lleida",212,"n.a. (160)",NA,"","Comarca","Comarca","",""
213,215,"ESP","Spain",6,"Cataluña",29,"Lleida",213,"n.a. (161)",NA,"","Comarca","Comarca","",""
214,215,"ESP","Spain",6,"Cataluña",29,"Lleida",214,"n.a. (162)",NA,"","Comarca","Comarca","",""
215,215,"ESP","Spain",6,"Cataluña",29,"Lleida",215,"n.a. (163)",NA,"","Comarca","Comarca","",""
216,215,"ESP","Spain",6,"Cataluña",29,"Lleida",216,"n.a. (164)",NA,"","Comarca","Comarca","",""
217,215,"ESP","Spain",6,"Cataluña",29,"Lleida",217,"n.a. (165)",NA,"","Comarca","Comarca","",""
218,215,"ESP","Spain",6,"Cataluña",29,"Lleida",218,"n.a. (166)",NA,"","Comarca","Comarca","",""
219,215,"ESP","Spain",6,"Cataluña",29,"Lleida",219,"n.a. (167)",NA,"","Comarca","Comarca","",""
220,215,"ESP","Spain",6,"Cataluña",29,"Lleida",220,"n.a. (168)",NA,"","Comarca","Comarca","",""
221,215,"ESP","Spain",6,"Cataluña",29,"Lleida",221,"n.a. (30)",NA,"","Comarca","Comarca","",""
222,215,"ESP","Spain",6,"Cataluña",29,"Lleida",222,"n.a. (35)",NA,"","Comarca","Comarca","",""
223,215,"ESP","Spain",6,"Cataluña",30,"Tarragona",223,"n.a. (240)",NA,"","Comarca","Comarca","",""
224,215,"ESP","Spain",6,"Cataluña",30,"Tarragona",224,"n.a. (241)",NA,"","Comarca","Comarca","",""
225,215,"ESP","Spain",6,"Cataluña",30,"Tarragona",225,"n.a. (242)",NA,"","Comarca","Comarca","",""
226,215,"ESP","Spain",6,"Cataluña",30,"Tarragona",226,"n.a. (243)",NA,"","Comarca","Comarca","",""
227,215,"ESP","Spain",6,"Cataluña",30,"Tarragona",227,"n.a. (244)",NA,"","Comarca","Comarca","",""
228,215,"ESP","Spain",6,"Cataluña",30,"Tarragona",228,"n.a. (245)",NA,"","Comarca","Comarca","",""
229,215,"ESP","Spain",6,"Cataluña",30,"Tarragona",229,"n.a. (246)",NA,"","Comarca","Comarca","",""
230,215,"ESP","Spain",6,"Cataluña",30,"Tarragona",230,"n.a. (247)",NA,"","Comarca","Comarca","",""
231,215,"ESP","Spain",7,"Ceuta y Melilla",31,"Ceuta",231,"n.a. (100)",NA,"","Comarca","Comarca","",""
232,215,"ESP","Spain",7,"Ceuta y Melilla",32,"Melilla",232,"n.a. (100)",NA,"","Comarca","Comarca","",""
233,215,"ESP","Spain",8,"Comunidad de Madrid",33,"Madrid",233,"n.a. (175)",NA,"","Comarca","Comarca","",""
234,215,"ESP","Spain",8,"Comunidad de Madrid",33,"Madrid",234,"n.a. (176)",NA,"","Comarca","Comarca","",""
235,215,"ESP","Spain",8,"Comunidad de Madrid",33,"Madrid",235,"n.a. (177)",NA,"","Comarca","Comarca","",""
236,215,"ESP","Spain",8,"Comunidad de Madrid",33,"Madrid",236,"n.a. (178)",NA,"","Comarca","Comarca","",""
237,215,"ESP","Spain",8,"Comunidad de Madrid",33,"Madrid",237,"n.a. (179)",NA,"","Comarca","Comarca","",""
238,215,"ESP","Spain",8,"Comunidad de Madrid",33,"Madrid",238,"n.a. (180)",NA,"","Comarca","Comarca","",""
239,215,"ESP","Spain",9,"Comunidad Foral de Navarra",34,"Navarra",239,"n.a. (185)",NA,"","Comarca","Comarca","",""
240,215,"ESP","Spain",9,"Comunidad Foral de Navarra",34,"Navarra",240,"n.a. (186)",NA,"","Comarca","Comarca","",""
241,215,"ESP","Spain",9,"Comunidad Foral de Navarra",34,"Navarra",241,"n.a. (187)",NA,"","Comarca","Comarca","",""
242,215,"ESP","Spain",9,"Comunidad Foral de Navarra",34,"Navarra",242,"n.a. (188)",NA,"","Comarca","Comarca","",""
243,215,"ESP","Spain",9,"Comunidad Foral de Navarra",34,"Navarra",243,"n.a. (189)",NA,"","Comarca","Comarca","",""
244,215,"ESP","Spain",9,"Comunidad Foral de Navarra",34,"Navarra",244,"n.a. (190)",NA,"","Comarca","Comarca","",""
245,215,"ESP","Spain",9,"Comunidad Foral de Navarra",34,"Navarra",245,"n.a. (191)",NA,"","Comarca","Comarca","",""
246,215,"ESP","Spain",9,"Comunidad Foral de Navarra",34,"Navarra",246,"n.a. (192)",NA,"","Comarca","Comarca","",""
247,215,"ESP","Spain",9,"Comunidad Foral de Navarra",34,"Navarra",247,"n.a. (193)",NA,"","Comarca","Comarca","",""
248,215,"ESP","Spain",10,"Comunidad Valenciana",35,"Alicante",248,"Alacanti",NA,"","Comarca","Comarca","",""
249,215,"ESP","Spain",10,"Comunidad Valenciana",35,"Alicante",249,"Alcoia",NA,"","Comarca","Comarca","",""
250,215,"ESP","Spain",10,"Comunidad Valenciana",35,"Alicante",250,"Alt Vinalopo",NA,"","Comarca","Comarca","",""
251,215,"ESP","Spain",10,"Comunidad Valenciana",35,"Alicante",251,"Baix Segura",NA,"","Comarca","Comarca","",""
252,215,"ESP","Spain",10,"Comunidad Valenciana",35,"Alicante",252,"Comtat",NA,"","Comarca","Comarca","",""
253,215,"ESP","Spain",10,"Comunidad Valenciana",35,"Alicante",253,"Marina Alta",NA,"","Comarca","Comarca","",""
254,215,"ESP","Spain",10,"Comunidad Valenciana",35,"Alicante",254,"Marina Baixa",NA,"","Comarca","Comarca","",""
255,215,"ESP","Spain",10,"Comunidad Valenciana",35,"Alicante",255,"Vinalopo Mitja",NA,"","Comarca","Comarca","",""
256,215,"ESP","Spain",10,"Comunidad Valenciana",35,"Alicante",256,"Vinalopo",NA,"","Comarca","Comarca","",""
257,215,"ESP","Spain",10,"Comunidad Valenciana",36,"Castellón",257,"Alcalaten",NA,"","Comarca","Comarca","",""
258,215,"ESP","Spain",10,"Comunidad Valenciana",36,"Castellón",258,"Alt Millars",NA,"","Comarca","Comarca","",""
259,215,"ESP","Spain",10,"Comunidad Valenciana",36,"Castellón",259,"Alt Palancia",NA,"","Comarca","Comarca","",""
260,215,"ESP","Spain",10,"Comunidad Valenciana",36,"Castellón",260,"Alta Maestrat",NA,"","Comarca","Comarca","",""
261,215,"ESP","Spain",10,"Comunidad Valenciana",36,"Castellón",261,"Baix Maestrat",NA,"","Comarca","Comarca","",""
262,215,"ESP","Spain",10,"Comunidad Valenciana",36,"Castellón",262,"n.a. (211)",NA,"","Comarca","Comarca","",""
263,215,"ESP","Spain",10,"Comunidad Valenciana",36,"Castellón",263,"Plana Alta",NA,"","Comarca","Comarca","",""
264,215,"ESP","Spain",10,"Comunidad Valenciana",36,"Castellón",264,"Plana Baixa",NA,"","Comarca","Comarca","",""
265,215,"ESP","Spain",10,"Comunidad Valenciana",37,"Valencia",265,"Camp de Morvedre",NA,"","Comarca","Comarca","",""
266,215,"ESP","Spain",10,"Comunidad Valenciana",37,"Valencia",266,"Camp de Túria",NA,"","Comarca","Comarca","",""
267,215,"ESP","Spain",10,"Comunidad Valenciana",37,"Valencia",267,"Canal de Navarres",NA,"","Comarca","Comarca","",""
268,215,"ESP","Spain",10,"Comunidad Valenciana",37,"Valencia",268,"Ciutat de Valencia",NA,"","Comarca","Comarca","",""
269,215,"ESP","Spain",10,"Comunidad Valenciana",37,"Valencia",269,"Costera",NA,"","Comarca","Comarca","",""
270,215,"ESP","Spain",10,"Comunidad Valenciana",37,"Valencia",270,"Foia de Bunyol",NA,"","Comarca","Comarca","",""
271,215,"ESP","Spain",10,"Comunidad Valenciana",37,"Valencia",271,"Horta Nord",NA,"","Comarca","Comarca","",""
272,215,"ESP","Spain",10,"Comunidad Valenciana",37,"Valencia",272,"Horta Oest",NA,"","Comarca","Comarca","",""
273,215,"ESP","Spain",10,"Comunidad Valenciana",37,"Valencia",273,"Horta Sud Ciutat de Valencia",NA,"","Comarca","Comarca","",""
274,215,"ESP","Spain",10,"Comunidad Valenciana",37,"Valencia",274,"Horta Sud",NA,"","Comarca","Comarca","",""
275,215,"ESP","Spain",10,"Comunidad Valenciana",37,"Valencia",275,"n.a. (221)",NA,"","Comarca","Comarca","",""
276,215,"ESP","Spain",10,"Comunidad Valenciana",37,"Valencia",276,"Requena-Utiel",NA,"","Comarca","Comarca","",""
277,215,"ESP","Spain",10,"Comunidad Valenciana",37,"Valencia",277,"Ribera Alta",NA,"","Comarca","Comarca","",""
278,215,"ESP","Spain",10,"Comunidad Valenciana",37,"Valencia",278,"Ribera Baixa",NA,"","Comarca","Comarca","",""
279,215,"ESP","Spain",10,"Comunidad Valenciana",37,"Valencia",279,"Rincón de Ademuz",NA,"","Comarca","Comarca","",""
280,215,"ESP","Spain",10,"Comunidad Valenciana",37,"Valencia",280,"Serranos",NA,"","Comarca","Comarca","",""
281,215,"ESP","Spain",10,"Comunidad Valenciana",37,"Valencia",281,"Vall d'Albaida",NA,"","Comarca","Comarca","",""
282,215,"ESP","Spain",10,"Comunidad Valenciana",37,"Valencia",282,"Vall de Confrents",NA,"","Comarca","Comarca","",""
283,215,"ESP","Spain",11,"Extremadura",38,"Badajoz",283,"n.a. (39)",NA,"","Comarca","Comarca","",""
284,215,"ESP","Spain",11,"Extremadura",38,"Badajoz",284,"n.a. (40)",NA,"","Comarca","Comarca","",""
285,215,"ESP","Spain",11,"Extremadura",38,"Badajoz",285,"n.a. (41)",NA,"","Comarca","Comarca","",""
286,215,"ESP","Spain",11,"Extremadura",38,"Badajoz",286,"n.a. (42)",NA,"","Comarca","Comarca","",""
287,215,"ESP","Spain",11,"Extremadura",38,"Badajoz",287,"n.a. (43)",NA,"","Comarca","Comarca","",""
288,215,"ESP","Spain",11,"Extremadura",38,"Badajoz",288,"n.a. (44)",NA,"","Comarca","Comarca","",""
289,215,"ESP","Spain",11,"Extremadura",38,"Badajoz",289,"n.a. (45)",NA,"","Comarca","Comarca","",""
290,215,"ESP","Spain",11,"Extremadura",38,"Badajoz",290,"n.a. (46)",NA,"","Comarca","Comarca","",""
291,215,"ESP","Spain",11,"Extremadura",38,"Badajoz",291,"n.a. (47)",NA,"","Comarca","Comarca","",""
292,215,"ESP","Spain",11,"Extremadura",38,"Badajoz",292,"n.a. (48)",NA,"","Comarca","Comarca","",""
293,215,"ESP","Spain",11,"Extremadura",38,"Badajoz",293,"n.a. (49)",NA,"","Comarca","Comarca","",""
294,215,"ESP","Spain",11,"Extremadura",38,"Badajoz",294,"n.a. (50)",NA,"","Comarca","Comarca","",""
295,215,"ESP","Spain",11,"Extremadura",39,"Cáceres",295,"n.a. (69)",NA,"","Comarca","Comarca","",""
296,215,"ESP","Spain",11,"Extremadura",39,"Cáceres",296,"n.a. (70)",NA,"","Comarca","Comarca","",""
297,215,"ESP","Spain",11,"Extremadura",39,"Cáceres",297,"n.a. (71)",NA,"","Comarca","Comarca","",""
298,215,"ESP","Spain",11,"Extremadura",39,"Cáceres",298,"n.a. (72)",NA,"","Comarca","Comarca","",""
299,215,"ESP","Spain",11,"Extremadura",39,"Cáceres",299,"n.a. (73)",NA,"","Comarca","Comarca","",""
300,215,"ESP","Spain",11,"Extremadura",39,"Cáceres",300,"n.a. (74)",NA,"","Comarca","Comarca","",""
301,215,"ESP","Spain",11,"Extremadura",39,"Cáceres",301,"n.a. (75)",NA,"","Comarca","Comarca","",""
302,215,"ESP","Spain",11,"Extremadura",39,"Cáceres",302,"n.a. (76)",NA,"","Comarca","Comarca","",""
303,215,"ESP","Spain",11,"Extremadura",39,"Cáceres",303,"n.a. (77)",NA,"","Comarca","Comarca","",""
304,215,"ESP","Spain",11,"Extremadura",39,"Cáceres",304,"n.a. (78)",NA,"","Comarca","Comarca","",""
305,215,"ESP","Spain",12,"Galicia",40,"A Coruña",305,"n.a. (145)",NA,"","Comarca","Comarca","",""
306,215,"ESP","Spain",12,"Galicia",40,"A Coruña",306,"n.a. (146)",NA,"","Comarca","Comarca","",""
307,215,"ESP","Spain",12,"Galicia",40,"A Coruña",307,"n.a. (147)",NA,"","Comarca","Comarca","",""
308,215,"ESP","Spain",12,"Galicia",41,"Lugo",308,"n.a. (169)",NA,"","Comarca","Comarca","",""
309,215,"ESP","Spain",12,"Galicia",41,"Lugo",309,"n.a. (170)",NA,"","Comarca","Comarca","",""
310,215,"ESP","Spain",12,"Galicia",41,"Lugo",310,"n.a. (171)",NA,"","Comarca","Comarca","",""
311,215,"ESP","Spain",12,"Galicia",41,"Lugo",311,"n.a. (172)",NA,"","Comarca","Comarca","",""
312,215,"ESP","Spain",12,"Galicia",41,"Lugo",312,"n.a. (173)",NA,"","Comarca","Comarca","",""
313,215,"ESP","Spain",12,"Galicia",41,"Lugo",313,"n.a. (174)",NA,"","Comarca","Comarca","",""
314,215,"ESP","Spain",12,"Galicia",42,"Ourense",314,"n.a. (197)",NA,"","Comarca","Comarca","",""
315,215,"ESP","Spain",12,"Galicia",42,"Ourense",315,"n.a. (198)",NA,"","Comarca","Comarca","",""
316,215,"ESP","Spain",12,"Galicia",42,"Ourense",316,"n.a. (199)",NA,"","Comarca","Comarca","",""
317,215,"ESP","Spain",12,"Galicia",43,"Pontevedra",317,"n.a. (207)",NA,"","Comarca","Comarca","",""
318,215,"ESP","Spain",12,"Galicia",43,"Pontevedra",318,"n.a. (208)",NA,"","Comarca","Comarca","",""
319,215,"ESP","Spain",12,"Galicia",43,"Pontevedra",319,"n.a. (209)",NA,"","Comarca","Comarca","",""
320,215,"ESP","Spain",12,"Galicia",43,"Pontevedra",320,"n.a. (210)",NA,"","Comarca","Comarca","",""
321,215,"ESP","Spain",13,"Islas Baleares",44,"Baleares",321,"n.a. (51)",NA,"","Comarca","Comarca","",""
322,215,"ESP","Spain",13,"Islas Baleares",44,"Baleares",322,"n.a. (52)",NA,"","Comarca","Comarca","",""
323,215,"ESP","Spain",13,"Islas Baleares",44,"Baleares",323,"n.a. (53)",NA,"","Comarca","Comarca","",""
324,215,"ESP","Spain",13,"Islas Baleares",44,"Baleares",324,"n.a. (54)",NA,"","Comarca","Comarca","",""
325,215,"ESP","Spain",13,"Islas Baleares",44,"Baleares",325,"n.a. (55)",NA,"","Comarca","Comarca","",""
326,215,"ESP","Spain",13,"Islas Baleares",44,"Baleares",326,"n.a. (56)",NA,"","Comarca","Comarca","",""
327,215,"ESP","Spain",13,"Islas Baleares",44,"Baleares",327,"n.a. (57)",NA,"","Comarca","Comarca","",""
328,215,"ESP","Spain",13,"Islas Baleares",44,"Baleares",328,"n.a. (58)",NA,"","Comarca","Comarca","",""
329,215,"ESP","Spain",13,"Islas Baleares",44,"Baleares",329,"n.a. (59)",NA,"","Comarca","Comarca","",""
330,215,"ESP","Spain",14,"Islas Canarias",45,"Las Palmas",330,"n.a. (144)",NA,"","Comarca","Comarca","",""
331,215,"ESP","Spain",14,"Islas Canarias",46,"Santa Cruz de Tenerife",331,"n.a. (144)",NA,"","Comarca","Comarca","",""
332,215,"ESP","Spain",15,"La Rioja",47,"La Rioja",332,"Anguiano",NA,"","Comarca","Comarca","",""
333,215,"ESP","Spain",15,"La Rioja",47,"La Rioja",333,"Arnedo",NA,"","Comarca","Comarca","",""
334,215,"ESP","Spain",15,"La Rioja",47,"La Rioja",334,"n.a. (139)",NA,"","Comarca","Comarca","",""
335,215,"ESP","Spain",15,"La Rioja",47,"La Rioja",335,"n.a. (140)",NA,"","Comarca","Comarca","",""
336,215,"ESP","Spain",15,"La Rioja",47,"La Rioja",336,"n.a. (141)",NA,"","Comarca","Comarca","",""
337,215,"ESP","Spain",15,"La Rioja",47,"La Rioja",337,"n.a. (142)",NA,"","Comarca","Comarca","",""
338,215,"ESP","Spain",15,"La Rioja",47,"La Rioja",338,"n.a. (143)",NA,"","Comarca","Comarca","",""
339,215,"ESP","Spain",15,"La Rioja",47,"La Rioja",339,"n.a. (65)",NA,"","Comarca","Comarca","",""
340,215,"ESP","Spain",16,"País Vasco",48,"Álava",340,"n.a. (1)",NA,"","Comarca","Comarca","",""
341,215,"ESP","Spain",16,"País Vasco",48,"Álava",341,"n.a. (2)",NA,"","Comarca","Comarca","",""
342,215,"ESP","Spain",16,"País Vasco",48,"Álava",342,"n.a. (3)",NA,"","Comarca","Comarca","",""
343,215,"ESP","Spain",16,"País Vasco",48,"Álava",343,"n.a. (4)",NA,"","Comarca","Comarca","",""
344,215,"ESP","Spain",16,"País Vasco",48,"Álava",344,"n.a. (5)",NA,"","Comarca","Comarca","",""
345,215,"ESP","Spain",16,"País Vasco",48,"Álava",345,"n.a. (6)",NA,"","Comarca","Comarca","",""
346,215,"ESP","Spain",16,"País Vasco",48,"Álava",346,"n.a. (7)",NA,"","Comarca","Comarca","",""
347,215,"ESP","Spain",16,"País Vasco",49,"Guipúzcoa",347,"n.a. (124)",NA,"","Comarca","Comarca","",""
348,215,"ESP","Spain",16,"País Vasco",50,"Vizcaya",348,"n.a. (261)",NA,"","Comarca","Comarca","",""
349,215,"ESP","Spain",16,"País Vasco",50,"Vizcaya",349,"n.a. (262)",NA,"","Comarca","Comarca","",""
350,215,"ESP","Spain",17,"Principado de Asturias",51,"Asturias",350,"Avilés",NA,"","Comarca","Comarca","",""
351,215,"ESP","Spain",17,"Principado de Asturias",51,"Asturias",351,"Caudal",NA,"","Comarca","Comarca","",""
352,215,"ESP","Spain",17,"Principado de Asturias",51,"Asturias",352,"Eo-Navia",NA,"","Comarca","Comarca","",""
353,215,"ESP","Spain",17,"Principado de Asturias",51,"Asturias",353,"n.a. (108)",NA,"","Comarca","Comarca","",""
354,215,"ESP","Spain",17,"Principado de Asturias",51,"Asturias",354,"n.a. (194)",NA,"","Comarca","Comarca","",""
355,215,"ESP","Spain",17,"Principado de Asturias",51,"Asturias",355,"n.a. (195)",NA,"","Comarca","Comarca","",""
356,215,"ESP","Spain",17,"Principado de Asturias",51,"Asturias",356,"Oriente",NA,"","Comarca","Comarca","",""
357,215,"ESP","Spain",17,"Principado de Asturias",51,"Asturias",357,"Oviedo",NA,"","Comarca","Comarca","",""
358,215,"ESP","Spain",18,"Región de Murcia",52,"Murcia",358,"Altiplano",NA,"","Comarca","Comarca","",""
359,215,"ESP","Spain",18,"Región de Murcia",52,"Murcia",359,"Alto Guadalentin",NA,"","Comarca","Comarca","",""
360,215,"ESP","Spain",18,"Región de Murcia",52,"Murcia",360,"Bajo Guadalentín",NA,"","Comarca","Comarca","",""
361,215,"ESP","Spain",18,"Región de Murcia",52,"Murcia",361,"Campo de Cartagena",NA,"","Comarca","Comarca","",""
362,215,"ESP","Spain",18,"Región de Murcia",52,"Murcia",362,"Huera de Murcia",NA,"","Comarca","Comarca","",""
363,215,"ESP","Spain",18,"Región de Murcia",52,"Murcia",363,"Mar Menor",NA,"","Comarca","Comarca","",""
364,215,"ESP","Spain",18,"Región de Murcia",52,"Murcia",364,"Noroeste",NA,"","Comarca","Comarca","",""
365,215,"ESP","Spain",18,"Región de Murcia",52,"Murcia",365,"Oriental",NA,"","Comarca","Comarca","",""
366,215,"ESP","Spain",18,"Región de Murcia",52,"Murcia",366,"Rio Mua",NA,"","Comarca","Comarca","",""
367,215,"ESP","Spain",18,"Región de Murcia",52,"Murcia",367,"Valle de Ricote",NA,"","Comarca","Comarca","",""
368,215,"ESP","Spain",18,"Región de Murcia",52,"Murcia",368,"Vega Alta",NA,"","Comarca","Comarca","",""
369,215,"ESP","Spain",18,"Región de Murcia",52,"Murcia",369,"Vega Media",NA,"","Comarca","Comarca","",""
